726.0,4440.0,6754.0,2034.0,7480.0,6133.0,13.0,0.0,495.0,419.0,0.0,0.0,134.0,14.0,0.0,0.0,26.0,0.0,0.0,0.0,6.0,0.0,0.0,0.0,9.0,0.0,0.0,0.0,20.0,4.0,3.0,3.0,63.0,66.0,221.0,991.0,140.0,286.0,2208.0,3151.0,86.0,295.0,417.0,0.0,55.0,236.0,32.0,0.0,61.0,184.0,24.0,0.0,38.0,116.0,20.0,0.0,64.0,145.0,166.0,2.0,123.0,571.0,4823.0,1353.0,1.0
677.0,2983.0,4738.0,1082.0,2195.0,5083.0,35.0,0.0,83.0,89.0,0.0,0.0,4.0,0.0,0.0,0.0,3.0,0.0,0.0,0.0,1.0,0.0,0.0,0.0,5.0,0.0,0.0,0.0,4.0,0.0,0.0,0.0,24.0,25.0,80.0,664.0,129.0,214.0,948.0,1046.0,115.0,229.0,267.0,8.0,181.0,223.0,9.0,0.0,64.0,142.0,8.0,0.0,56.0,113.0,16.0,0.0,53.0,136.0,136.0,0.0,185.0,319.0,3776.0,1392.0,1.0
237.0,1524.0,8821.0,1123.0,840.0,448.0,31.0,0.0,1100.0,53.0,0.0,0.0,14324.0,7.0,0.0,0.0,2433.0,0.0,0.0,0.0,155.0,0.0,0.0,0.0,150.0,0.0,0.0,0.0,185.0,0.0,0.0,0.0,205.0,565.0,681.0,21.0,99.0,612.0,6025.0,1185.0,73.0,127.0,21.0,0.0,90.0,62.0,0.0,0.0,60.0,49.0,7.0,0.0,43.0,57.0,1.0,0.0,42.0,173.0,40.0,0.0,73.0,562.0,3152.0,681.0,1.0
100.0,1557.0,6266.0,3640.0,397.0,540.0,55.0,0.0,2283.0,102.0,0.0,0.0,11406.0,13.0,0.0,0.0,2785.0,0.0,0.0,0.0,251.0,0.0,0.0,0.0,127.0,1.0,0.0,0.0,291.0,6.0,0.0,0.0,305.0,145.0,164.0,262.0,45.0,356.0,1339.0,6561.0,42.0,183.0,157.0,0.0,47.0,95.0,25.0,0.0,42.0,68.0,6.0,0.0,22.0,73.0,5.0,0.0,20.0,188.0,50.0,0.0,53.0,477.0,849.0,73.0,1.0
728.0,1744.0,2940.0,276.0,1178.0,93.0,0.0,0.0,1139.0,0.0,0.0,0.0,6967.0,0.0,0.0,0.0,11056.0,0.0,0.0,0.0,1394.0,0.0,0.0,0.0,44.0,0.0,0.0,0.0,31.0,0.0,0.0,0.0,56.0,11.0,6.0,0.0,33.0,290.0,2861.0,1712.0,36.0,249.0,37.0,0.0,20.0,129.0,0.0,0.0,25.0,95.0,2.0,0.0,22.0,124.0,3.0,0.0,18.0,164.0,87.0,0.0,52.0,352.0,5318.0,2726.0,1.0
186.0,1062.0,6259.0,1496.0,329.0,254.0,13.0,0.0,750.0,63.0,0.0,0.0,6076.0,0.0,0.0,0.0,2871.0,0.0,0.0,0.0,104.0,0.0,0.0,0.0,87.0,0.0,0.0,0.0,107.0,14.0,0.0,0.0,198.0,856.0,813.0,2.0,120.0,642.0,2842.0,432.0,77.0,54.0,7.0,0.0,56.0,17.0,0.0,0.0,52.0,20.0,0.0,0.0,40.0,18.0,1.0,0.0,52.0,61.0,1.0,0.0,108.0,391.0,610.0,315.0,1.0
131.0,902.0,3605.0,622.0,439.0,171.0,0.0,0.0,538.0,8.0,0.0,0.0,1716.0,0.0,0.0,0.0,5837.0,0.0,0.0,0.0,1836.0,0.0,0.0,0.0,373.0,0.0,0.0,0.0,322.0,6.0,0.0,0.0,82.0,145.0,110.0,5.0,36.0,287.0,1174.0,1130.0,38.0,87.0,41.0,0.0,31.0,54.0,6.0,0.0,33.0,48.0,2.0,0.0,21.0,40.0,4.0,0.0,28.0,75.0,33.0,0.0,59.0,182.0,1342.0,651.0,1.0
729.0,1473.0,3420.0,1621.0,1005.0,495.0,1.0,0.0,2352.0,106.0,0.0,0.0,11350.0,3.0,0.0,0.0,1779.0,0.0,0.0,0.0,852.0,0.0,0.0,0.0,1265.0,0.0,0.0,0.0,876.0,28.0,1.0,0.0,2398.0,280.0,20.0,4.0,192.0,683.0,4291.0,2479.0,119.0,246.0,95.0,0.0,39.0,175.0,14.0,0.0,61.0,138.0,9.0,0.0,59.0,130.0,4.0,0.0,66.0,242.0,142.0,0.0,240.0,604.0,5745.0,3481.0,1.0
1478.0,1279.0,1445.0,122.0,5716.0,340.0,19.0,0.0,672.0,22.0,1.0,0.0,182.0,9.0,0.0,0.0,7.0,1.0,0.0,0.0,3.0,0.0,0.0,0.0,3.0,0.0,0.0,0.0,2.0,0.0,0.0,0.0,20.0,14.0,17.0,0.0,193.0,625.0,4383.0,423.0,107.0,332.0,87.0,0.0,87.0,132.0,9.0,0.0,116.0,106.0,3.0,0.0,276.0,92.0,16.0,0.0,340.0,435.0,83.0,3.0,276.0,885.0,6830.0,2825.0,1.0
2674.0,1442.0,1597.0,240.0,4835.0,146.0,0.0,0.0,2277.0,0.0,0.0,0.0,247.0,0.0,0.0,0.0,43.0,0.0,0.0,0.0,16.0,0.0,0.0,0.0,8.0,0.0,0.0,0.0,13.0,0.0,0.0,0.0,69.0,12.0,19.0,0.0,273.0,847.0,6963.0,761.0,163.0,659.0,149.0,0.0,277.0,218.0,17.0,0.0,166.0,204.0,26.0,0.0,139.0,161.0,23.0,0.0,166.0,343.0,228.0,1.0,496.0,878.0,10388.0,6664.0,1.0
16915.0,228.0,233.0,47.0,2319.0,396.0,647.0,223.0,1182.0,524.0,84.0,2.0,982.0,268.0,12.0,0.0,801.0,281.0,0.0,0.0,875.0,322.0,16.0,12.0,1149.0,2205.0,610.0,104.0,1126.0,3444.0,1186.0,312.0,1375.0,1498.0,1129.0,601.0,1051.0,393.0,97.0,1.0,2438.0,96.0,6.0,3.0,968.0,61.0,2.0,2.0,1915.0,137.0,3.0,0.0,1189.0,395.0,20.0,0.0,4181.0,1153.0,2645.0,2735.0,2162.0,333.0,300.0,86.0,1.0
5472.0,1030.0,929.0,2309.0,1116.0,1826.0,737.0,759.0,1196.0,994.0,142.0,131.0,409.0,179.0,66.0,78.0,236.0,120.0,79.0,121.0,216.0,203.0,144.0,809.0,276.0,462.0,428.0,1203.0,611.0,1878.0,3731.0,4005.0,1435.0,590.0,176.0,201.0,1351.0,251.0,140.0,136.0,1554.0,119.0,91.0,190.0,2571.0,89.0,49.0,61.0,2150.0,141.0,74.0,121.0,1639.0,254.0,136.0,76.0,2790.0,734.0,966.0,441.0,27312.0,2120.0,17001.0,5703.0,1.0
5487.0,2416.0,1026.0,1773.0,141.0,1525.0,4767.0,2226.0,129.0,434.0,66.0,91.0,122.0,87.0,4.0,5.0,79.0,81.0,6.0,3.0,80.0,74.0,5.0,15.0,146.0,238.0,97.0,56.0,802.0,2410.0,3621.0,2838.0,991.0,1117.0,32.0,36.0,1238.0,3.0,1.0,18.0,2146.0,0.0,1.0,10.0,4880.0,0.0,3.0,2.0,4775.0,0.0,1.0,0.0,4153.0,0.0,0.0,0.0,6914.0,50.0,31.0,2.0,14904.0,892.0,11404.0,5114.0,1.0
18951.0,128.0,196.0,32.0,1459.0,491.0,670.0,479.0,1551.0,871.0,557.0,141.0,641.0,477.0,138.0,41.0,743.0,271.0,47.0,6.0,1066.0,332.0,18.0,1.0,2462.0,2099.0,513.0,193.0,1223.0,2189.0,1545.0,777.0,1157.0,1136.0,1429.0,3558.0,553.0,208.0,82.0,33.0,646.0,43.0,4.0,0.0,658.0,48.0,5.0,0.0,686.0,36.0,10.0,0.0,1398.0,158.0,29.0,5.0,2496.0,570.0,676.0,2595.0,2063.0,678.0,798.0,2734.0,1.0
2490.0,169.0,163.0,7.0,11835.0,827.0,313.0,0.0,842.0,192.0,4.0,0.0,551.0,58.0,0.0,0.0,620.0,19.0,0.0,0.0,708.0,50.0,0.0,0.0,1337.0,744.0,19.0,0.0,3251.0,4935.0,365.0,4.0,2223.0,2242.0,2194.0,256.0,3472.0,292.0,20.0,0.0,1791.0,18.0,0.0,0.0,2278.0,22.0,0.0,0.0,1634.0,86.0,0.0,0.0,886.0,268.0,4.0,0.0,3556.0,2045.0,4798.0,0.0,1665.0,478.0,404.0,0.0,1.0
6673.0,344.0,793.0,48.0,13332.0,761.0,1979.0,9.0,2471.0,563.0,17.0,0.0,2374.0,703.0,8.0,0.0,7373.0,225.0,0.0,0.0,689.0,276.0,4.0,0.0,4300.0,1153.0,325.0,1.0,2423.0,13655.0,8164.0,22.0,2678.0,3384.0,283.0,2.0,21477.0,804.0,84.0,0.0,7427.0,115.0,0.0,0.0,3440.0,243.0,3.0,0.0,2346.0,505.0,36.0,0.0,1416.0,1284.0,758.0,27.0,4562.0,4358.0,26164.0,503.0,1542.0,2113.0,3786.0,18.0,1.0
4759.0,0.0,0.0,0.0,671.0,334.0,134.0,0.0,586.0,24.0,1.0,0.0,165.0,6.0,0.0,0.0,235.0,9.0,0.0,0.0,231.0,139.0,0.0,0.0,784.0,520.0,0.0,0.0,1830.0,329.0,9.0,0.0,3661.0,2124.0,412.0,1.0,780.0,2.0,0.0,0.0,3120.0,0.0,0.0,0.0,575.0,1.0,0.0,0.0,4338.0,7.0,1.0,0.0,4031.0,19.0,14.0,7.0,4082.0,914.0,25500.0,13319.0,5897.0,63.0,16.0,0.0,1.0
13916.0,692.0,730.0,167.0,4447.0,2706.0,1669.0,346.0,3213.0,373.0,4.0,0.0,1216.0,88.0,0.0,0.0,831.0,32.0,0.0,0.0,644.0,29.0,0.0,0.0,1450.0,170.0,2.0,0.0,4587.0,4809.0,1996.0,67.0,8491.0,3661.0,2994.0,1297.0,5004.0,631.0,46.0,0.0,2351.0,9.0,0.0,0.0,1980.0,8.0,0.0,0.0,1883.0,25.0,0.0,0.0,2051.0,72.0,0.0,0.0,2563.0,1196.0,130.0,0.0,2199.0,1767.0,7958.0,0.0,1.0
16374.0,231.0,258.0,47.0,2296.0,408.0,661.0,205.0,1153.0,506.0,90.0,1.0,944.0,299.0,7.0,0.0,841.0,257.0,5.0,1.0,766.0,308.0,23.0,3.0,1073.0,2163.0,504.0,100.0,1047.0,3468.0,1292.0,340.0,1379.0,1531.0,1126.0,638.0,985.0,361.0,102.0,3.0,1737.0,89.0,5.0,1.0,1106.0,59.0,6.0,3.0,1685.0,135.0,1.0,0.0,990.0,418.0,25.0,1.0,4393.0,1138.0,2614.0,2635.0,1913.0,309.0,274.0,92.0,1.0
16713.0,1146.0,1258.0,7903.0,852.0,914.0,1754.0,734.0,969.0,334.0,187.0,69.0,282.0,3.0,4.0,1.0,375.0,0.0,0.0,0.0,110.0,0.0,0.0,0.0,674.0,0.0,0.0,0.0,443.0,2.0,0.0,0.0,1342.0,149.0,49.0,6.0,972.0,310.0,88.0,26.0,432.0,32.0,21.0,4.0,231.0,16.0,2.0,1.0,278.0,1.0,0.0,0.0,1025.0,4.0,1.0,0.0,900.0,39.0,11.0,6.0,2060.0,2413.0,6108.0,16933.0,1.0
9340.0,1464.0,1101.0,3801.0,819.0,880.0,1083.0,322.0,894.0,27.0,0.0,0.0,200.0,0.0,0.0,0.0,330.0,0.0,0.0,0.0,119.0,0.0,0.0,0.0,772.0,0.0,0.0,0.0,469.0,0.0,0.0,0.0,969.0,0.0,0.0,0.0,965.0,0.0,0.0,0.0,751.0,0.0,0.0,0.0,125.0,0.0,0.0,0.0,235.0,0.0,0.0,0.0,635.0,0.0,0.0,0.0,703.0,0.0,0.0,0.0,1327.0,1622.0,2909.0,6370.0,1.0
3905.0,1212.0,1453.0,6080.0,951.0,914.0,1530.0,2867.0,732.0,465.0,130.0,12.0,238.0,7.0,2.0,0.0,179.0,5.0,1.0,0.0,128.0,5.0,0.0,1.0,766.0,39.0,2.0,0.0,784.0,92.0,13.0,6.0,1263.0,664.0,604.0,284.0,958.0,575.0,98.0,4.0,307.0,25.0,2.0,2.0,160.0,1.0,0.0,0.0,128.0,5.0,1.0,0.0,105.0,3.0,0.0,0.0,447.0,17.0,6.0,0.0,1731.0,1767.0,2195.0,13809.0,1.0
2370.0,2208.0,3081.0,24658.0,103.0,588.0,1379.0,94.0,18.0,9.0,0.0,0.0,2.0,0.0,0.0,0.0,1.0,0.0,0.0,0.0,0.0,0.0,0.0,0.0,8.0,0.0,0.0,0.0,18.0,0.0,0.0,0.0,341.0,359.0,0.0,0.0,3223.0,596.0,0.0,0.0,912.0,0.0,0.0,0.0,1586.0,0.0,0.0,0.0,1764.0,0.0,0.0,0.0,1102.0,0.0,0.0,0.0,1651.0,4.0,0.0,0.0,4328.0,659.0,143.0,587.0,1.0
3732.0,3128.0,5113.0,17834.0,746.0,192.0,198.0,40.0,210.0,0.0,0.0,0.0,175.0,0.0,0.0,0.0,119.0,0.0,0.0,0.0,75.0,0.0,0.0,9.0,83.0,0.0,0.0,0.0,105.0,0.0,0.0,0.0,178.0,80.0,0.0,0.0,2349.0,141.0,0.0,1.0,502.0,0.0,1.0,0.0,1408.0,0.0,0.0,0.0,2600.0,0.0,2.0,0.0,1404.0,0.0,1.0,0.0,2371.0,21.0,3.0,3.0,7423.0,987.0,281.0,733.0,1.0
3779.0,3114.0,5521.0,25788.0,334.0,986.0,2461.0,305.0,384.0,215.0,1.0,42.0,149.0,1.0,0.0,0.0,66.0,0.0,0.0,6.0,34.0,1.0,0.0,188.0,51.0,0.0,3.0,37.0,97.0,0.0,0.0,2.0,370.0,735.0,78.0,85.0,2383.0,622.0,57.0,98.0,579.0,25.0,81.0,166.0,2036.0,2.0,2.0,13.0,1265.0,3.0,6.0,53.0,2268.0,6.0,2.0,2.0,2122.0,37.0,17.0,91.0,3798.0,776.0,201.0,942.0,1.0
5712.0,3978.0,20956.0,19012.0,6522.0,5300.0,4278.0,76.0,14010.0,125.0,3.0,0.0,1731.0,0.0,0.0,0.0,510.0,0.0,0.0,0.0,180.0,0.0,0.0,0.0,236.0,0.0,0.0,0.0,133.0,1.0,0.0,0.0,89.0,13.0,0.0,0.0,184.0,143.0,0.0,0.0,242.0,14.0,0.0,0.0,117.0,15.0,0.0,0.0,88.0,7.0,0.0,0.0,61.0,3.0,0.0,0.0,251.0,12.0,0.0,0.0,821.0,570.0,1670.0,872.0,1.0
3378.0,4453.0,5910.0,839.0,1163.0,1478.0,5045.0,155.0,241.0,349.0,112.0,0.0,33.0,1.0,0.0,0.0,18.0,0.0,0.0,0.0,6.0,0.0,0.0,0.0,49.0,0.0,0.0,0.0,20.0,0.0,0.0,0.0,580.0,940.0,1206.0,278.0,3975.0,1260.0,33.0,6.0,5353.0,258.0,0.0,0.0,2038.0,6.0,0.0,0.0,564.0,6.0,0.0,0.0,568.0,5.0,0.0,0.0,893.0,145.0,6.0,0.0,3175.0,6348.0,10630.0,1813.0,1.0
3746.0,2052.0,7507.0,1600.0,562.0,1152.0,4157.0,92.0,165.0,91.0,23.0,0.0,16.0,0.0,0.0,0.0,39.0,0.0,0.0,0.0,6.0,0.0,0.0,0.0,138.0,0.0,0.0,0.0,74.0,0.0,0.0,0.0,610.0,1116.0,628.0,64.0,3273.0,218.0,36.0,14.0,1997.0,112.0,2.0,0.0,2133.0,50.0,0.0,0.0,988.0,7.0,0.0,0.0,1041.0,2.0,0.0,0.0,717.0,154.0,13.0,0.0,1643.0,4138.0,11851.0,2883.0,1.0
7449.0,3376.0,4018.0,111.0,1815.0,2811.0,2841.0,86.0,1836.0,343.0,10.0,0.0,378.0,0.0,0.0,0.0,652.0,0.0,0.0,0.0,162.0,0.0,0.0,0.0,937.0,0.0,0.0,0.0,757.0,0.0,0.0,0.0,1920.0,114.0,16.0,0.0,3071.0,43.0,0.0,0.0,797.0,7.0,0.0,0.0,269.0,1.0,0.0,0.0,248.0,2.0,0.0,0.0,235.0,4.0,0.0,0.0,650.0,38.0,2.0,0.0,2384.0,7570.0,11777.0,879.0,1.0
357.0,1359.0,1399.0,293.0,88.0,1121.0,3151.0,0.0,151.0,367.0,0.0,0.0,8.0,1.0,0.0,0.0,4.0,0.0,0.0,0.0,0.0,0.0,0.0,0.0,1.0,0.0,0.0,0.0,6.0,0.0,0.0,0.0,11.0,24.0,0.0,0.0,160.0,240.0,2.0,0.0,2061.0,0.0,0.0,0.0,1411.0,0.0,0.0,0.0,6390.0,0.0,0.0,0.0,2349.0,22.0,2.0,0.0,1527.0,502.0,36.0,0.0,559.0,4231.0,14956.0,5259.0,1.0
479.0,1748.0,9000.0,24903.0,355.0,1909.0,2892.0,6986.0,251.0,1453.0,421.0,99.0,201.0,265.0,71.0,6.0,122.0,60.0,8.0,0.0,78.0,34.0,5.0,0.0,116.0,33.0,14.0,5.0,245.0,95.0,31.0,11.0,1678.0,2234.0,803.0,827.0,3116.0,6909.0,4004.0,6994.0,417.0,446.0,283.0,344.0,324.0,275.0,187.0,28.0,214.0,200.0,91.0,7.0,181.0,162.0,95.0,8.0,207.0,352.0,357.0,90.0,368.0,906.0,2954.0,2507.0,1.0
2563.0,4997.0,987.0,33.0,3293.0,9237.0,895.0,7.0,3453.0,4134.0,757.0,0.0,3871.0,498.0,6.0,0.0,1811.0,89.0,1.0,0.0,741.0,179.0,3.0,0.0,993.0,1314.0,189.0,1.0,810.0,882.0,973.0,19.0,304.0,9.0,0.0,0.0,458.0,245.0,0.0,0.0,144.0,1.0,0.0,0.0,54.0,0.0,0.0,0.0,36.0,0.0,0.0,0.0,24.0,0.0,0.0,0.0,409.0,0.0,0.0,0.0,539.0,507.0,0.0,0.0,2.0
158.0,704.0,46.0,0.0,12391.0,2357.0,186.0,0.0,15406.0,3413.0,50.0,0.0,2209.0,6378.0,32.0,0.0,392.0,68.0,0.0,0.0,87.0,2.0,0.0,0.0,41.0,0.0,0.0,0.0,22.0,2.0,0.0,0.0,19.0,2.0,0.0,0.0,4.0,1.0,0.0,0.0,0.0,0.0,0.0,0.0,0.0,0.0,0.0,0.0,0.0,0.0,0.0,0.0,0.0,0.0,0.0,0.0,100.0,0.0,0.0,0.0,12.0,0.0,0.0,0.0,2.0
1101.0,2750.0,4736.0,15.0,3474.0,9139.0,6969.0,40.0,920.0,32.0,0.0,0.0,213.0,0.0,0.0,0.0,113.0,0.0,0.0,0.0,14.0,0.0,0.0,0.0,272.0,0.0,0.0,0.0,121.0,0.0,0.0,0.0,1196.0,0.0,0.0,0.0,7481.0,0.0,0.0,0.0,1951.0,0.0,0.0,0.0,313.0,0.0,0.0,0.0,48.0,0.0,0.0,0.0,10.0,0.0,0.0,0.0,106.0,0.0,0.0,0.0,66.0,90.0,0.0,0.0,2.0
1356.0,208.0,0.0,0.0,3503.0,5524.0,0.0,0.0,1558.0,294.0,0.0,0.0,2261.0,107.0,0.0,0.0,1895.0,0.0,0.0,0.0,1264.0,0.0,0.0,0.0,1028.0,0.0,0.0,0.0,1418.0,0.0,0.0,0.0,3208.0,24.0,0.0,0.0,8075.0,48.0,0.0,0.0,179.0,0.0,0.0,0.0,50.0,0.0,0.0,0.0,33.0,0.0,0.0,0.0,37.0,0.0,0.0,0.0,70.0,0.0,0.0,0.0,372.0,10.0,0.0,0.0,2.0
1182.0,3908.0,730.0,0.0,2146.0,13140.0,1915.0,28.0,2944.0,3600.0,3.0,0.0,2519.0,83.0,0.0,0.0,899.0,2.0,0.0,0.0,222.0,7.0,0.0,0.0,266.0,68.0,13.0,0.0,356.0,382.0,51.0,0.0,165.0,8.0,0.0,0.0,127.0,0.0,0.0,0.0,17.0,0.0,0.0,0.0,0.0,0.0,0.0,0.0,0.0,0.0,0.0,0.0,0.0,0.0,0.0,0.0,16.0,0.0,0.0,0.0,96.0,51.0,0.0,0.0,2.0
1034.0,3937.0,18.0,0.0,1440.0,7006.0,211.0,0.0,3798.0,4070.0,78.0,0.0,14494.0,1102.0,0.0,0.0,13084.0,5.0,0.0,0.0,7378.0,0.0,0.0,0.0,4767.0,0.0,0.0,0.0,3338.0,1.0,0.0,0.0,3066.0,2.0,0.0,0.0,413.0,1.0,0.0,0.0,17.0,0.0,0.0,0.0,0.0,0.0,0.0,0.0,9.0,0.0,0.0,0.0,4.0,0.0,0.0,0.0,20.0,0.0,0.0,0.0,68.0,79.0,0.0,0.0,2.0
350.0,611.0,0.0,0.0,1409.0,7788.0,452.0,0.0,2235.0,1704.0,7.0,0.0,8175.0,1323.0,0.0,0.0,3294.0,72.0,0.0,0.0,1068.0,3.0,0.0,0.0,698.0,99.0,3.0,0.0,726.0,532.0,6.0,0.0,1027.0,466.0,157.0,8.0,687.0,120.0,0.0,0.0,70.0,0.0,0.0,0.0,25.0,0.0,0.0,0.0,10.0,0.0,0.0,0.0,4.0,0.0,0.0,0.0,22.0,0.0,0.0,0.0,48.0,1.0,0.0,0.0,2.0
1198.0,912.0,593.0,56.0,862.0,1126.0,33.0,0.0,2407.0,678.0,0.0,0.0,3104.0,926.0,0.0,0.0,3254.0,1123.0,0.0,0.0,2519.0,109.0,0.0,0.0,3967.0,101.0,0.0,0.0,4591.0,151.0,0.0,0.0,13884.0,170.0,0.0,0.0,344.0,28.0,0.0,0.0,126.0,41.0,0.0,0.0,113.0,4.0,0.0,0.0,30.0,3.0,0.0,0.0,28.0,0.0,0.0,0.0,87.0,5.0,0.0,0.0,371.0,66.0,0.0,0.0,2.0
378.0,4.0,0.0,0.0,2882.0,982.0,0.0,0.0,11061.0,1149.0,0.0,0.0,7079.0,3523.0,3.0,0.0,3889.0,71.0,0.0,0.0,1004.0,0.0,0.0,0.0,792.0,1.0,0.0,0.0,1027.0,0.0,0.0,0.0,2833.0,13.0,0.0,0.0,4086.0,24.0,0.0,0.0,1036.0,0.0,0.0,0.0,488.0,0.0,0.0,0.0,318.0,0.0,0.0,0.0,194.0,0.0,0.0,0.0,71.0,0.0,0.0,0.0,44.0,0.0,0.0,0.0,2.0
1110.0,15.0,0.0,0.0,9007.0,916.0,0.0,0.0,1436.0,192.0,0.0,0.0,1426.0,336.0,0.0,0.0,2087.0,0.0,0.0,0.0,797.0,0.0,0.0,0.0,623.0,0.0,0.0,0.0,869.0,0.0,0.0,0.0,2578.0,62.0,0.0,0.0,16311.0,1061.0,0.0,0.0,571.0,13.0,0.0,0.0,132.0,0.0,0.0,0.0,60.0,0.0,0.0,0.0,41.0,0.0,0.0,0.0,102.0,0.0,0.0,0.0,257.0,0.0,0.0,0.0,2.0
137.0,607.0,430.0,2.0,6889.0,4739.0,1107.0,168.0,1763.0,7338.0,1630.0,53.0,1489.0,3174.0,366.0,12.0,146.0,0.0,0.0,0.0,1.0,0.0,0.0,0.0,14.0,0.0,0.0,0.0,1.0,0.0,0.0,0.0,11.0,0.0,0.0,0.0,2.0,0.0,0.0,0.0,2.0,0.0,0.0,0.0,2.0,0.0,0.0,0.0,1.0,0.0,0.0,0.0,2.0,0.0,0.0,0.0,9.0,0.0,0.0,0.0,1.0,0.0,0.0,0.0,2.0
7093.0,907.0,4210.0,111.0,3117.0,18997.0,3514.0,434.0,5199.0,7776.0,6344.0,725.0,1170.0,4.0,6.0,0.0,457.0,0.0,0.0,0.0,51.0,0.0,0.0,0.0,925.0,0.0,0.0,0.0,279.0,0.0,0.0,0.0,581.0,0.0,0.0,0.0,438.0,0.0,0.0,0.0,723.0,0.0,0.0,0.0,97.0,0.0,0.0,0.0,273.0,0.0,0.0,0.0,636.0,0.0,0.0,0.0,892.0,0.0,0.0,0.0,89.0,7.0,0.0,1.0,2.0
5355.0,5383.0,150.0,0.0,6490.0,8379.0,256.0,0.0,3795.0,129.0,0.0,0.0,2072.0,45.0,0.0,0.0,1063.0,72.0,1.0,0.0,951.0,125.0,3.0,0.0,731.0,630.0,537.0,3.0,959.0,1238.0,1781.0,35.0,1019.0,5.0,6.0,0.0,1077.0,496.0,0.0,0.0,1737.0,12.0,0.0,0.0,531.0,0.0,0.0,0.0,982.0,0.0,0.0,0.0,388.0,2.0,0.0,0.0,1488.0,4.0,0.0,0.0,1918.0,48.0,0.0,0.0,2.0
3077.0,415.0,21.0,0.0,25907.0,8227.0,42.0,0.0,13303.0,1948.0,0.0,0.0,281.0,0.0,0.0,0.0,0.0,0.0,0.0,0.0,0.0,0.0,0.0,0.0,2.0,0.0,0.0,0.0,0.0,0.0,0.0,0.0,0.0,0.0,0.0,0.0,6.0,0.0,0.0,0.0,8.0,0.0,0.0,0.0,8.0,0.0,0.0,0.0,5.0,0.0,0.0,0.0,8.0,0.0,0.0,0.0,4.0,0.0,0.0,0.0,15.0,0.0,0.0,0.0,2.0
2876.0,13057.0,7938.0,89.0,1111.0,2292.0,5607.0,32.0,308.0,0.0,0.0,0.0,148.0,0.0,0.0,0.0,131.0,0.0,0.0,0.0,36.0,0.0,0.0,0.0,311.0,0.0,0.0,0.0,239.0,0.0,0.0,0.0,4894.0,0.0,0.0,0.0,6623.0,0.0,0.0,0.0,2044.0,0.0,0.0,0.0,287.0,0.0,0.0,0.0,598.0,0.0,0.0,0.0,22.0,0.0,0.0,0.0,888.0,0.0,0.0,0.0,164.0,5.0,0.0,0.0,2.0
3801.0,1323.0,8.0,0.0,11200.0,450.0,4.0,0.0,2341.0,11.0,0.0,0.0,829.0,0.0,0.0,0.0,404.0,0.0,0.0,0.0,331.0,0.0,0.0,0.0,636.0,0.0,0.0,0.0,2030.0,0.0,0.0,0.0,11506.0,0.0,0.0,0.0,1224.0,0.0,0.0,0.0,542.0,0.0,0.0,0.0,693.0,0.0,0.0,0.0,407.0,0.0,0.0,0.0,265.0,0.0,0.0,0.0,477.0,0.0,0.0,0.0,627.0,0.0,0.0,0.0,2.0
6138.0,663.0,0.0,0.0,8312.0,3514.0,0.0,0.0,5140.0,64.0,0.0,0.0,3093.0,14.0,0.0,0.0,1430.0,0.0,0.0,0.0,654.0,0.0,0.0,0.0,881.0,2.0,0.0,0.0,1412.0,216.0,0.0,0.0,9388.0,1566.0,225.0,17.0,4383.0,132.0,0.0,0.0,828.0,14.0,0.0,0.0,541.0,0.0,0.0,0.0,386.0,0.0,0.0,0.0,218.0,0.0,0.0,0.0,275.0,2.0,0.0,0.0,1426.0,106.0,0.0,0.0,2.0
2467.0,2090.0,37.0,0.0,7983.0,6133.0,107.0,0.0,5899.0,40.0,0.0,0.0,9091.0,0.0,0.0,0.0,2824.0,0.0,0.0,0.0,547.0,0.0,0.0,0.0,504.0,0.0,0.0,0.0,1132.0,331.0,0.0,0.0,3334.0,999.0,129.0,0.0,1992.0,10.0,0.0,0.0,272.0,0.0,0.0,0.0,61.0,0.0,0.0,0.0,21.0,0.0,0.0,0.0,6.0,0.0,0.0,0.0,95.0,0.0,0.0,0.0,80.0,0.0,0.0,0.0,2.0
2432.0,2057.0,41.0,0.0,4456.0,11726.0,356.0,1.0,9538.0,18.0,0.0,0.0,14675.0,5.0,0.0,0.0,622.0,0.0,0.0,0.0,224.0,0.0,0.0,0.0,259.0,0.0,0.0,0.0,526.0,262.0,0.0,0.0,1688.0,659.0,0.0,0.0,1294.0,218.0,0.0,0.0,192.0,1.0,0.0,0.0,124.0,0.0,0.0,0.0,64.0,0.0,0.0,0.0,38.0,0.0,0.0,0.0,99.0,0.0,0.0,0.0,379.0,3.0,0.0,0.0,2.0
4355.0,1202.0,0.0,0.0,6164.0,1020.0,0.0,0.0,4811.0,23.0,0.0,0.0,1568.0,0.0,0.0,0.0,535.0,0.0,0.0,0.0,517.0,0.0,0.0,0.0,979.0,0.0,0.0,0.0,2179.0,0.0,0.0,0.0,16178.0,4.0,0.0,0.0,2672.0,44.0,0.0,0.0,706.0,0.0,0.0,0.0,544.0,0.0,0.0,0.0,323.0,0.0,0.0,0.0,271.0,0.0,0.0,0.0,373.0,0.0,0.0,0.0,684.0,0.0,0.0,0.0,2.0
1506.0,1612.0,1432.0,58.0,2217.0,1128.0,1250.0,1.0,4565.0,106.0,0.0,0.0,2062.0,3.0,0.0,0.0,938.0,0.0,0.0,0.0,744.0,0.0,0.0,0.0,1291.0,0.0,0.0,0.0,5315.0,0.0,0.0,0.0,22051.0,36.0,0.0,0.0,1010.0,21.0,0.0,0.0,496.0,0.0,0.0,0.0,308.0,0.0,0.0,0.0,237.0,0.0,0.0,0.0,119.0,0.0,0.0,0.0,255.0,5.0,0.0,0.0,449.0,51.0,0.0,0.0,2.0
1806.0,508.0,0.0,0.0,4630.0,1078.0,5.0,0.0,9625.0,358.0,0.0,0.0,4451.0,1.0,0.0,0.0,4107.0,0.0,0.0,0.0,783.0,0.0,0.0,0.0,1439.0,0.0,0.0,0.0,3989.0,0.0,0.0,0.0,1945.0,0.0,0.0,0.0,252.0,0.0,0.0,0.0,187.0,0.0,0.0,0.0,52.0,0.0,0.0,0.0,45.0,0.0,0.0,0.0,27.0,0.0,0.0,0.0,89.0,0.0,0.0,0.0,383.0,0.0,0.0,0.0,2.0
1574.0,235.0,14.0,0.0,16653.0,16090.0,1279.0,66.0,5261.0,2652.0,1.0,0.0,171.0,0.0,0.0,0.0,45.0,0.0,0.0,0.0,1.0,0.0,0.0,0.0,26.0,0.0,0.0,0.0,2.0,0.0,0.0,0.0,37.0,0.0,0.0,0.0,5.0,0.0,0.0,0.0,1.0,0.0,0.0,0.0,0.0,0.0,0.0,0.0,1.0,0.0,0.0,0.0,7.0,0.0,0.0,0.0,22.0,0.0,0.0,0.0,1.0,0.0,0.0,0.0,2.0
15521.0,357.0,41.0,6.0,4641.0,16957.0,1440.0,85.0,2941.0,117.0,1.0,1.0,441.0,0.0,0.0,0.0,286.0,0.0,0.0,0.0,39.0,0.0,0.0,0.0,594.0,0.0,0.0,0.0,297.0,74.0,0.0,1.0,776.0,938.0,24.0,11.0,281.0,1.0,1.0,1.0,401.0,0.0,0.0,0.0,59.0,0.0,0.0,0.0,140.0,0.0,0.0,0.0,172.0,0.0,0.0,0.0,465.0,0.0,0.0,0.0,80.0,0.0,0.0,0.0,2.0
2483.0,2487.0,1069.0,36.0,5654.0,2619.0,33.0,0.0,1579.0,6.0,0.0,0.0,417.0,26.0,0.0,0.0,267.0,1.0,0.0,0.0,287.0,0.0,0.0,0.0,498.0,39.0,0.0,0.0,646.0,1466.0,2845.0,95.0,1790.0,811.0,422.0,1.0,8890.0,3431.0,346.0,0.0,4095.0,422.0,19.0,0.0,1662.0,40.0,0.0,0.0,562.0,6.0,0.0,0.0,297.0,8.0,0.0,0.0,374.0,101.0,0.0,0.0,605.0,890.0,11.0,0.0,2.0
1603.0,12.0,0.0,0.0,14777.0,201.0,0.0,0.0,6320.0,62.0,0.0,0.0,2258.0,0.0,0.0,0.0,845.0,0.0,0.0,0.0,507.0,0.0,0.0,0.0,728.0,0.0,0.0,0.0,2783.0,0.0,0.0,0.0,18304.0,969.0,4.0,0.0,2391.0,3909.0,1015.0,0.0,140.0,65.0,1.0,0.0,13.0,44.0,0.0,0.0,25.0,15.0,0.0,0.0,7.0,0.0,0.0,0.0,91.0,0.0,0.0,0.0,111.0,0.0,0.0,0.0,2.0
7944.0,13746.0,480.0,0.0,3844.0,3723.0,217.0,0.0,322.0,0.0,0.0,0.0,40.0,0.0,0.0,0.0,20.0,0.0,0.0,0.0,5.0,0.0,0.0,0.0,145.0,0.0,0.0,0.0,69.0,2.0,0.0,0.0,884.0,55.0,0.0,0.0,8082.0,232.0,0.0,0.0,8835.0,5.0,0.0,0.0,901.0,0.0,0.0,0.0,513.0,0.0,0.0,0.0,233.0,3.0,0.0,0.0,680.0,48.0,0.0,0.0,544.0,12.0,0.0,0.0,2.0
2570.0,47.0,0.0,0.0,17420.0,8736.0,207.0,0.0,7206.0,60.0,0.0,0.0,854.0,0.0,0.0,0.0,235.0,0.0,0.0,0.0,89.0,0.0,0.0,0.0,315.0,0.0,0.0,0.0,212.0,0.0,0.0,0.0,927.0,52.0,0.0,0.0,5236.0,2091.0,117.0,0.0,1882.0,90.0,0.0,0.0,769.0,54.0,0.0,0.0,301.0,42.0,0.0,0.0,94.0,18.0,0.0,0.0,310.0,0.0,0.0,0.0,291.0,0.0,0.0,0.0,2.0
390.0,922.0,1.0,0.0,2498.0,3824.0,63.0,0.0,4056.0,272.0,0.0,0.0,5897.0,0.0,0.0,0.0,1694.0,0.0,0.0,0.0,1014.0,0.0,0.0,0.0,582.0,0.0,0.0,0.0,1027.0,0.0,0.0,0.0,4921.0,356.0,1.0,0.0,6654.0,3168.0,828.0,0.0,604.0,7.0,0.0,0.0,56.0,0.0,0.0,0.0,44.0,0.0,0.0,0.0,23.0,1.0,0.0,0.0,177.0,0.0,0.0,0.0,107.0,62.0,0.0,0.0,2.0
787.0,429.0,0.0,0.0,14052.0,1374.0,0.0,0.0,11708.0,36.0,0.0,0.0,1162.0,151.0,0.0,0.0,257.0,1.0,0.0,0.0,139.0,0.0,0.0,0.0,190.0,0.0,0.0,0.0,395.0,3.0,0.0,0.0,1744.0,159.0,2.0,0.0,3950.0,2450.0,459.0,2.0,564.0,43.0,0.0,0.0,259.0,0.0,0.0,0.0,109.0,0.0,0.0,0.0,35.0,0.0,0.0,0.0,134.0,0.0,0.0,0.0,136.0,3.0,0.0,0.0,2.0
683.0,454.0,1322.0,14.0,5073.0,4672.0,36.0,0.0,9085.0,83.0,0.0,0.0,6967.0,0.0,0.0,0.0,1281.0,0.0,0.0,0.0,432.0,0.0,0.0,0.0,510.0,0.0,0.0,0.0,850.0,658.0,0.0,0.0,3245.0,271.0,0.0,0.0,5487.0,2322.0,412.0,1.0,748.0,71.0,1.0,0.0,241.0,38.0,0.0,0.0,98.0,1.0,0.0,0.0,44.0,0.0,0.0,0.0,150.0,1.0,0.0,0.0,123.0,101.0,577.0,4.0,2.0
324.0,0.0,0.0,0.0,17763.0,5911.0,786.0,0.0,13897.0,97.0,0.0,0.0,1952.0,0.0,0.0,0.0,464.0,0.0,0.0,0.0,226.0,0.0,0.0,0.0,316.0,0.0,0.0,0.0,567.0,0.0,0.0,0.0,2726.0,148.0,6.0,0.0,5686.0,1510.0,299.0,0.0,215.0,18.0,0.0,0.0,29.0,6.0,0.0,0.0,17.0,0.0,0.0,0.0,0.0,0.0,0.0,0.0,63.0,0.0,0.0,0.0,14.0,0.0,0.0,0.0,2.0
1627.0,24.0,16.0,0.0,10307.0,2399.0,190.0,0.0,1717.0,6.0,0.0,0.0,363.0,0.0,0.0,0.0,108.0,0.0,0.0,0.0,31.0,0.0,0.0,0.0,195.0,0.0,0.0,0.0,115.0,0.0,0.0,0.0,833.0,45.0,0.0,0.0,4965.0,1493.0,302.0,0.0,2108.0,96.0,0.0,0.0,528.0,17.0,0.0,0.0,280.0,0.0,0.0,0.0,102.0,0.0,0.0,0.0,356.0,0.0,0.0,0.0,203.0,0.0,0.0,0.0,2.0
823.0,144.0,16.0,0.0,19318.0,4810.0,168.0,0.0,4823.0,52.0,0.0,0.0,2621.0,0.0,0.0,0.0,1227.0,0.0,0.0,0.0,432.0,0.0,0.0,0.0,1176.0,0.0,0.0,0.0,584.0,0.0,0.0,0.0,1613.0,51.0,0.0,0.0,3261.0,1225.0,171.0,0.0,292.0,39.0,0.0,0.0,47.0,16.0,0.0,0.0,25.0,1.0,0.0,0.0,13.0,0.0,0.0,0.0,84.0,0.0,0.0,0.0,22.0,0.0,0.0,0.0,2.0
6749.0,239.0,0.0,0.0,13107.0,4242.0,1.0,0.0,6281.0,47.0,1.0,0.0,1527.0,0.0,0.0,0.0,673.0,0.0,0.0,0.0,242.0,0.0,0.0,0.0,385.0,0.0,0.0,0.0,530.0,0.0,0.0,0.0,3474.0,517.0,2.0,0.0,1399.0,1934.0,653.0,0.0,104.0,58.0,0.0,0.0,8.0,0.0,0.0,0.0,2.0,0.0,0.0,0.0,79.0,0.0,0.0,0.0,66.0,0.0,0.0,0.0,16.0,0.0,0.0,0.0,2.0
34010.0,35.0,2.0,1.0,18674.0,2731.0,69.0,1.0,13283.0,38.0,3.0,0.0,2441.0,2.0,0.0,0.0,679.0,0.0,0.0,0.0,112.0,0.0,0.0,1.0,790.0,0.0,0.0,0.0,364.0,1.0,0.0,0.0,1282.0,172.0,46.0,1.0,2805.0,1490.0,244.0,4.0,1251.0,60.0,5.0,1.0,262.0,6.0,0.0,0.0,238.0,18.0,0.0,0.0,300.0,0.0,0.0,0.0,1142.0,0.0,0.0,0.0,233.0,1.0,2.0,0.0,2.0
3312.0,5351.0,234.0,0.0,6869.0,6022.0,1647.0,3.0,1052.0,212.0,736.0,302.0,408.0,15.0,0.0,0.0,198.0,4.0,0.0,0.0,120.0,54.0,28.0,15.0,390.0,611.0,1178.0,1204.0,895.0,776.0,273.0,418.0,2676.0,1635.0,710.0,1228.0,2517.0,7356.0,10175.0,4845.0,635.0,116.0,3.0,0.0,419.0,2.0,0.0,0.0,216.0,0.0,0.0,0.0,134.0,0.0,0.0,0.0,159.0,2.0,0.0,0.0,582.0,23.0,0.0,0.0,3.0
6226.0,7112.0,181.0,0.0,4701.0,9000.0,1808.0,0.0,1522.0,669.0,2.0,0.0,1244.0,502.0,0.0,0.0,761.0,627.0,3.0,0.0,543.0,1044.0,181.0,1.0,664.0,1859.0,27087.0,2519.0,910.0,947.0,615.0,569.0,1595.0,3263.0,1514.0,8060.0,2492.0,11498.0,1883.0,2507.0,1276.0,84.0,0.0,0.0,625.0,2.0,0.0,0.0,344.0,0.0,0.0,0.0,274.0,0.0,0.0,0.0,598.0,6.0,0.0,0.0,2074.0,358.0,0.0,0.0,3.0
17483.0,4480.0,5274.0,692.0,1887.0,2041.0,2868.0,1057.0,1188.0,1.0,1.0,0.0,203.0,0.0,1.0,0.0,341.0,1.0,0.0,0.0,27.0,0.0,1.0,2.0,313.0,3.0,1.0,3.0,133.0,1.0,1.0,1.0,1473.0,57.0,30.0,13.0,3273.0,4034.0,5723.0,1593.0,981.0,168.0,55.0,112.0,482.0,29.0,11.0,11.0,191.0,7.0,0.0,4.0,583.0,2.0,0.0,0.0,390.0,18.0,1.0,0.0,361.0,129.0,15.0,0.0,3.0
3265.0,1129.0,8986.0,829.0,958.0,2179.0,5875.0,10.0,406.0,202.0,6.0,3.0,227.0,0.0,0.0,2.0,195.0,0.0,0.0,1.0,52.0,0.0,0.0,19.0,56.0,1.0,0.0,1.0,19.0,0.0,0.0,0.0,460.0,0.0,1.0,0.0,8991.0,692.0,6057.0,1098.0,5340.0,1197.0,1666.0,1185.0,2457.0,209.0,123.0,176.0,841.0,58.0,13.0,9.0,607.0,96.0,2.0,1.0,1497.0,396.0,175.0,151.0,3477.0,154.0,51.0,91.0,3.0
2695.0,2585.0,5022.0,2179.0,1488.0,2875.0,4279.0,55.0,721.0,448.0,17.0,0.0,545.0,0.0,0.0,0.0,453.0,0.0,0.0,1.0,356.0,0.0,0.0,4.0,559.0,0.0,0.0,0.0,1130.0,0.0,0.0,0.0,1362.0,0.0,0.0,0.0,11665.0,1406.0,6565.0,1728.0,7029.0,2743.0,2034.0,862.0,4947.0,402.0,95.0,63.0,1390.0,136.0,44.0,8.0,1224.0,138.0,10.0,0.0,1988.0,749.0,221.0,216.0,3296.0,631.0,119.0,251.0,3.0
1739.0,2004.0,3426.0,1816.0,1097.0,2370.0,2760.0,74.0,808.0,534.0,359.0,32.0,751.0,423.0,2234.0,23.0,381.0,0.0,0.0,0.0,315.0,0.0,0.0,0.0,458.0,0.0,0.0,0.0,731.0,0.0,0.0,0.0,714.0,0.0,0.0,0.0,5867.0,770.0,4181.0,1215.0,7551.0,2135.0,1927.0,775.0,7022.0,367.0,89.0,22.0,3442.0,130.0,43.0,7.0,2982.0,150.0,21.0,7.0,4969.0,629.0,157.0,152.0,4051.0,471.0,119.0,204.0,3.0
1443.0,1905.0,3171.0,1402.0,1003.0,2003.0,2416.0,41.0,860.0,345.0,19.0,0.0,916.0,3.0,0.0,0.0,758.0,0.0,0.0,0.0,549.0,0.0,0.0,0.0,554.0,0.0,0.0,0.0,544.0,0.0,0.0,0.0,603.0,1.0,0.0,0.0,4728.0,662.0,3631.0,1291.0,3745.0,1837.0,2008.0,1158.0,3513.0,348.0,36.0,20.0,981.0,125.0,20.0,8.0,650.0,77.0,7.0,3.0,1418.0,338.0,74.0,23.0,4297.0,514.0,91.0,159.0,3.0
586.0,1596.0,1525.0,6.0,4655.0,5810.0,3313.0,138.0,1192.0,14.0,0.0,0.0,971.0,0.0,0.0,0.0,1042.0,0.0,0.0,0.0,3389.0,0.0,0.0,0.0,19449.0,0.0,0.0,0.0,2367.0,0.0,0.0,0.0,3500.0,1302.0,0.0,0.0,2579.0,7517.0,971.0,88.0,207.0,35.0,0.0,2.0,78.0,6.0,0.0,0.0,67.0,2.0,0.0,0.0,32.0,0.0,0.0,0.0,64.0,1.0,0.0,0.0,129.0,25.0,0.0,0.0,3.0
2986.0,5992.0,4562.0,26.0,429.0,1310.0,997.0,4.0,536.0,5.0,0.0,0.0,630.0,418.0,503.0,2266.0,327.0,12.0,0.0,0.0,72.0,0.0,0.0,0.0,482.0,0.0,0.0,0.0,130.0,0.0,0.0,0.0,855.0,0.0,0.0,0.0,4244.0,29.0,0.0,0.0,6806.0,10983.0,1628.0,12.0,18215.0,2478.0,299.0,5.0,4844.0,1563.0,61.0,0.0,1515.0,374.0,24.0,0.0,1434.0,676.0,86.0,0.0,1731.0,3179.0,416.0,4.0,3.0
13477.0,12312.0,7232.0,520.0,9224.0,2689.0,1156.0,231.0,374.0,940.0,1672.0,741.0,89.0,32.0,144.0,23.0,0.0,0.0,0.0,0.0,0.0,0.0,0.0,0.0,2.0,0.0,0.0,0.0,0.0,0.0,0.0,0.0,0.0,0.0,0.0,0.0,624.0,1757.0,6416.0,181.0,1599.0,2172.0,780.0,0.0,2162.0,645.0,17.0,0.0,1238.0,147.0,0.0,0.0,908.0,85.0,0.0,0.0,884.0,232.0,0.0,0.0,2203.0,1346.0,2.0,0.0,3.0
36501.0,6097.0,2249.0,5.0,6749.0,2336.0,1642.0,1.0,4518.0,348.0,318.0,141.0,716.0,271.0,632.0,388.0,1239.0,0.0,0.0,0.0,221.0,0.0,0.0,0.0,1295.0,0.0,0.0,0.0,595.0,0.0,0.0,0.0,1984.0,19.0,0.0,0.0,7160.0,5470.0,1988.0,732.0,1653.0,85.0,1.0,0.0,596.0,8.0,0.0,0.0,325.0,0.0,0.0,0.0,448.0,1.0,0.0,0.0,586.0,6.0,0.0,0.0,1379.0,113.0,0.0,0.0,3.0
1552.0,2385.0,4759.0,1052.0,10410.0,6392.0,4268.0,746.0,133.0,61.0,0.0,0.0,3.0,0.0,0.0,0.0,1.0,0.0,0.0,0.0,0.0,0.0,0.0,0.0,6.0,0.0,0.0,0.0,1.0,0.0,0.0,0.0,11.0,0.0,0.0,0.0,424.0,0.0,99.0,0.0,3064.0,4274.0,905.0,0.0,1884.0,399.0,36.0,0.0,714.0,85.0,1.0,0.0,368.0,41.0,1.0,0.0,395.0,117.0,0.0,0.0,545.0,452.0,18.0,0.0,3.0
6332.0,7068.0,231.0,0.0,4740.0,8887.0,1797.0,0.0,1485.0,687.0,7.0,0.0,1081.0,489.0,0.0,0.0,663.0,682.0,1.0,0.0,422.0,1001.0,148.0,2.0,554.0,1435.0,23782.0,1676.0,785.0,862.0,306.0,358.0,1527.0,3085.0,1229.0,5869.0,2578.0,11532.0,1336.0,1472.0,1296.0,87.0,0.0,0.0,626.0,7.0,0.0,0.0,321.0,1.0,0.0,0.0,299.0,4.0,0.0,0.0,546.0,14.0,0.0,0.0,2084.0,402.0,0.0,0.0,3.0
6600.0,5360.0,264.0,0.0,6965.0,6069.0,1649.0,4.0,1574.0,351.0,1013.0,467.0,531.0,59.0,3.0,0.0,420.0,4.0,5.0,0.0,1197.0,104.0,118.0,55.0,2218.0,2261.0,3257.0,5623.0,3359.0,6893.0,589.0,783.0,6579.0,2193.0,1223.0,1877.0,3351.0,8722.0,12301.0,5124.0,802.0,104.0,3.0,0.0,472.0,1.0,0.0,0.0,241.0,0.0,0.0,0.0,267.0,0.0,0.0,0.0,161.0,1.0,0.0,0.0,590.0,34.0,0.0,0.0,3.0
993.0,170.0,26.0,2.0,3546.0,164.0,9.0,2.0,640.0,0.0,0.0,0.0,356.0,376.0,778.0,292.0,597.0,100.0,7.0,8.0,175.0,100.0,246.0,158.0,933.0,1586.0,2470.0,1920.0,3020.0,2570.0,1103.0,224.0,8261.0,3946.0,3810.0,2111.0,6689.0,5208.0,8992.0,3327.0,1082.0,119.0,5.0,0.0,244.0,8.0,0.0,0.0,85.0,0.0,0.0,0.0,50.0,1.0,0.0,0.0,112.0,4.0,0.0,0.0,94.0,17.0,0.0,0.0,3.0
2130.0,91.0,41.0,25.0,2846.0,63.0,23.0,5.0,791.0,4.0,2.0,0.0,159.0,47.0,1286.0,387.0,244.0,285.0,774.0,51.0,373.0,265.0,490.0,135.0,730.0,2753.0,17302.0,21598.0,1291.0,1339.0,1347.0,2704.0,3386.0,7107.0,2818.0,4349.0,12003.0,8661.0,10282.0,6746.0,5022.0,1014.0,86.0,0.0,1480.0,150.0,0.0,0.0,380.0,0.0,0.0,0.0,154.0,2.0,0.0,0.0,351.0,0.0,0.0,0.0,457.0,3.0,0.0,0.0,3.0
8030.0,2205.0,409.0,215.0,2915.0,2366.0,476.0,219.0,744.0,135.0,78.0,992.0,177.0,34.0,6.0,30.0,148.0,10.0,13.0,18.0,36.0,2.0,3.0,27.0,301.0,26.0,5.0,13.0,70.0,12.0,2.0,8.0,172.0,56.0,24.0,158.0,628.0,800.0,578.0,1871.0,1725.0,144.0,59.0,68.0,237.0,27.0,21.0,16.0,145.0,37.0,23.0,27.0,74.0,6.0,5.0,11.0,336.0,33.0,26.0,15.0,216.0,34.0,22.0,17.0,3.0
2405.0,511.0,59.0,456.0,204.0,281.0,356.0,213.0,35.0,1.0,10.0,118.0,44.0,0.0,0.0,0.0,24.0,0.0,0.0,6.0,18.0,0.0,0.0,119.0,35.0,0.0,16.0,131.0,16.0,0.0,0.0,4.0,289.0,1.0,0.0,2.0,4624.0,688.0,5931.0,2435.0,6128.0,1430.0,1798.0,2140.0,4231.0,1224.0,371.0,435.0,2599.0,1290.0,412.0,533.0,1784.0,705.0,233.0,664.0,937.0,425.0,247.0,533.0,1547.0,199.0,87.0,264.0,3.0
3215.0,1411.0,342.0,772.0,1250.0,1096.0,621.0,355.0,623.0,10.0,3.0,43.0,336.0,0.0,0.0,3.0,71.0,0.0,1.0,7.0,71.0,0.0,0.0,211.0,107.0,0.0,2.0,48.0,78.0,0.0,0.0,2.0,960.0,4.0,1.0,2.0,9753.0,1992.0,5722.0,2699.0,10460.0,3898.0,2059.0,1332.0,8205.0,1402.0,286.0,446.0,4356.0,785.0,236.0,367.0,3250.0,700.0,188.0,240.0,2695.0,653.0,334.0,666.0,4770.0,442.0,235.0,600.0,3.0
1440.0,1158.0,229.0,667.0,971.0,937.0,528.0,208.0,397.0,49.0,106.0,112.0,412.0,277.0,154.0,4.0,125.0,0.0,1.0,7.0,59.0,0.0,0.0,141.0,101.0,0.0,4.0,44.0,265.0,0.0,0.0,0.0,867.0,0.0,1.0,2.0,4991.0,1245.0,3687.0,761.0,8515.0,3852.0,2082.0,970.0,8471.0,1212.0,188.0,202.0,4535.0,570.0,180.0,274.0,2193.0,401.0,150.0,192.0,2357.0,383.0,234.0,446.0,2293.0,331.0,174.0,381.0,3.0
3616.0,783.0,143.0,521.0,617.0,588.0,518.0,382.0,187.0,1.0,0.0,62.0,114.0,0.0,1.0,3.0,84.0,1.0,1.0,6.0,34.0,0.0,0.0,217.0,64.0,3.0,10.0,48.0,734.0,0.0,0.0,1.0,4515.0,16.0,0.0,2.0,6525.0,1065.0,2920.0,2085.0,7450.0,2625.0,2077.0,1187.0,8496.0,1208.0,251.0,341.0,4843.0,732.0,203.0,385.0,3118.0,462.0,143.0,196.0,2500.0,562.0,275.0,524.0,4515.0,335.0,124.0,398.0,3.0
1158.0,7.0,0.0,0.0,852.0,1464.0,6.0,0.0,1807.0,14.0,0.0,0.0,2099.0,49.0,1.0,0.0,1272.0,0.0,0.0,0.0,4373.0,0.0,0.0,0.0,6416.0,1.0,0.0,0.0,7339.0,31.0,0.0,0.0,7096.0,490.0,21.0,0.0,2804.0,10273.0,1325.0,94.0,234.0,8.0,3.0,0.0,23.0,0.0,0.0,0.0,29.0,0.0,0.0,0.0,5.0,0.0,0.0,0.0,61.0,0.0,0.0,0.0,13.0,0.0,0.0,0.0,3.0
21136.0,1388.0,153.0,2.0,1343.0,751.0,29.0,0.0,2883.0,0.0,0.0,0.0,603.0,0.0,0.0,0.0,212.0,0.0,0.0,0.0,17.0,0.0,0.0,0.0,117.0,0.0,0.0,0.0,25.0,0.0,0.0,0.0,489.0,0.0,0.0,0.0,274.0,13.0,0.0,0.0,3998.0,9391.0,4279.0,10.0,9873.0,4489.0,707.0,22.0,5172.0,1143.0,22.0,0.0,2574.0,290.0,0.0,0.0,1369.0,206.0,20.0,0.0,1126.0,291.0,43.0,0.0,3.0
24724.0,7219.0,947.0,60.0,10407.0,2405.0,196.0,6.0,702.0,29.0,0.0,0.0,4.0,0.0,0.0,0.0,4.0,0.0,0.0,0.0,12.0,0.0,0.0,0.0,111.0,0.0,0.0,0.0,12.0,0.0,0.0,0.0,32.0,21.0,0.0,0.0,904.0,2408.0,2810.0,156.0,3951.0,3257.0,575.0,0.0,4138.0,1282.0,20.0,0.0,2034.0,580.0,5.0,0.0,1192.0,327.0,15.0,0.0,4019.0,156.0,8.0,0.0,4208.0,609.0,32.0,3.0,3.0
9918.0,2305.0,610.0,4.0,4436.0,1461.0,27.0,0.0,6429.0,3152.0,76.0,0.0,799.0,0.0,0.0,0.0,347.0,0.0,0.0,0.0,32.0,0.0,0.0,0.0,481.0,0.0,0.0,0.0,201.0,0.0,0.0,0.0,1756.0,10.0,1.0,0.0,9399.0,6142.0,3638.0,771.0,6173.0,248.0,62.0,1.0,1149.0,2.0,0.0,0.0,708.0,0.0,0.0,0.0,325.0,0.0,0.0,0.0,1454.0,5.0,0.0,0.0,808.0,492.0,1723.0,0.0,3.0
7017.0,1662.0,45.0,3.0,9259.0,6600.0,272.0,26.0,165.0,12.0,0.0,0.0,1.0,0.0,0.0,0.0,1.0,0.0,0.0,0.0,1.0,0.0,0.0,0.0,16.0,0.0,0.0,0.0,1.0,0.0,0.0,0.0,7.0,0.0,0.0,0.0,77.0,327.0,120.0,0.0,2215.0,7195.0,1290.0,3.0,1751.0,108.0,2.0,0.0,847.0,0.0,0.0,0.0,575.0,1.0,0.0,0.0,591.0,38.0,0.0,0.0,2327.0,197.0,0.0,0.0,3.0
2123.0,97.0,37.0,24.0,2802.0,58.0,22.0,7.0,758.0,3.0,0.0,0.0,190.0,7.0,349.0,118.0,209.0,50.0,216.0,0.0,308.0,217.0,193.0,28.0,588.0,2263.0,15347.0,10878.0,978.0,772.0,1246.0,2367.0,2442.0,6092.0,2838.0,4557.0,8971.0,7101.0,9409.0,6566.0,4676.0,991.0,99.0,10.0,1374.0,143.0,0.0,0.0,353.0,6.0,1.0,0.0,165.0,3.0,1.0,0.0,327.0,5.0,0.0,0.0,556.0,10.0,1.0,0.0,3.0
1234.0,148.0,21.0,0.0,3516.0,211.0,15.0,1.0,392.0,0.0,0.0,0.0,403.0,354.0,742.0,293.0,493.0,85.0,9.0,4.0,220.0,124.0,284.0,207.0,1274.0,3193.0,3824.0,3214.0,5124.0,3324.0,1105.0,263.0,11965.0,5954.0,4165.0,2009.0,7574.0,5671.0,9203.0,3417.0,1032.0,57.0,3.0,0.0,238.0,6.0,0.0,0.0,57.0,0.0,0.0,0.0,44.0,1.0,0.0,0.0,94.0,0.0,0.0,0.0,79.0,11.0,0.0,0.0,3.0
1624.0,532.0,431.0,1232.0,632.0,7.0,2.0,8.0,81.0,1.0,1.0,13.0,10.0,0.0,0.0,0.0,2.0,0.0,1.0,1.0,2.0,0.0,0.0,59.0,6.0,0.0,3.0,13.0,2.0,0.0,0.0,1.0,24.0,0.0,0.0,4.0,801.0,431.0,6492.0,2475.0,7898.0,818.0,1511.0,1063.0,3118.0,996.0,621.0,1051.0,3023.0,1079.0,597.0,694.0,1433.0,292.0,111.0,166.0,1863.0,395.0,162.0,214.0,3117.0,1893.0,219.0,823.0,4.0
4591.0,1725.0,906.0,2050.0,2672.0,27.0,0.0,30.0,1381.0,0.0,1.0,47.0,793.0,0.0,0.0,0.0,361.0,0.0,0.0,5.0,30.0,0.0,0.0,131.0,16.0,1.0,3.0,41.0,10.0,0.0,0.0,2.0,68.0,0.0,0.0,11.0,678.0,858.0,6564.0,4965.0,8373.0,1494.0,3162.0,930.0,6617.0,342.0,214.0,713.0,4408.0,631.0,330.0,518.0,2103.0,476.0,166.0,127.0,3931.0,597.0,271.0,300.0,5156.0,2965.0,364.0,1534.0,4.0
4665.0,2326.0,2667.0,2531.0,2764.0,40.0,6.0,43.0,1271.0,0.0,2.0,36.0,737.0,0.0,0.0,1.0,306.0,0.0,2.0,4.0,69.0,0.0,0.0,133.0,24.0,0.0,7.0,37.0,8.0,0.0,0.0,6.0,18.0,0.0,1.0,8.0,1109.0,984.0,6159.0,4354.0,9835.0,1370.0,3608.0,1005.0,8267.0,452.0,163.0,688.0,4350.0,600.0,311.0,587.0,2667.0,554.0,197.0,192.0,3758.0,647.0,290.0,356.0,5228.0,3030.0,381.0,1646.0,4.0
2365.0,1519.0,1853.0,550.0,1897.0,25.0,2.0,6.0,658.0,0.0,2.0,21.0,389.0,0.0,0.0,0.0,58.0,0.0,0.0,6.0,28.0,0.0,0.0,54.0,62.0,1.0,9.0,5.0,81.0,0.0,0.0,1.0,12.0,0.0,0.0,8.0,296.0,494.0,3678.0,1550.0,4410.0,1154.0,2912.0,548.0,3346.0,234.0,119.0,326.0,2054.0,283.0,147.0,334.0,1603.0,404.0,161.0,215.0,2796.0,398.0,158.0,266.0,2840.0,1902.0,153.0,265.0,4.0
5872.0,501.0,155.0,0.0,601.0,1.0,0.0,0.0,91.0,0.0,0.0,0.0,9.0,0.0,0.0,0.0,0.0,0.0,0.0,0.0,0.0,0.0,0.0,0.0,75.0,0.0,0.0,0.0,0.0,0.0,0.0,0.0,1.0,0.0,0.0,0.0,62.0,28.0,23.0,20.0,3074.0,3346.0,2574.0,107.0,4283.0,265.0,164.0,116.0,1941.0,1794.0,1311.0,1091.0,1335.0,628.0,201.0,169.0,1049.0,155.0,26.0,10.0,1720.0,86.0,2.0,4.0,4.0
8509.0,3895.0,909.0,18.0,1355.0,259.0,34.0,14.0,389.0,0.0,0.0,0.0,82.0,0.0,0.0,0.0,2.0,0.0,0.0,0.0,1.0,0.0,0.0,0.0,1.0,0.0,0.0,0.0,0.0,0.0,0.0,0.0,1.0,0.0,0.0,0.0,17.0,209.0,73.0,0.0,1240.0,5535.0,2094.0,5.0,7846.0,1398.0,78.0,0.0,3982.0,267.0,9.0,0.0,3823.0,657.0,11.0,0.0,5033.0,636.0,8.0,0.0,19282.0,2276.0,129.0,0.0,4.0
2160.0,250.0,156.0,2.0,827.0,1.0,0.0,0.0,22.0,0.0,0.0,0.0,14.0,0.0,0.0,0.0,0.0,0.0,0.0,0.0,0.0,0.0,0.0,0.0,0.0,0.0,0.0,0.0,0.0,0.0,0.0,0.0,0.0,0.0,0.0,0.0,69.0,47.0,135.0,26.0,1049.0,1989.0,4019.0,212.0,9118.0,473.0,65.0,34.0,5252.0,2975.0,676.0,94.0,3356.0,787.0,30.0,10.0,1607.0,115.0,0.0,0.0,1672.0,222.0,2.0,0.0,4.0
1977.0,694.0,15.0,2.0,1607.0,611.0,4.0,0.0,493.0,54.0,0.0,0.0,412.0,10.0,0.0,0.0,344.0,1.0,0.0,0.0,234.0,5.0,3.0,0.0,713.0,35.0,2.0,0.0,1677.0,1126.0,1441.0,248.0,7383.0,5379.0,4171.0,11698.0,9214.0,545.0,460.0,2653.0,2785.0,18.0,9.0,9.0,586.0,12.0,0.0,0.0,133.0,5.0,0.0,0.0,28.0,9.0,1.0,0.0,172.0,6.0,0.0,0.0,167.0,67.0,4.0,0.0,4.0
110.0,976.0,944.0,17.0,1250.0,1970.0,273.0,35.0,1519.0,609.0,31.0,5.0,1805.0,58.0,3.0,1.0,3484.0,39.0,0.0,1.0,7005.0,16.0,4.0,1.0,2915.0,245.0,79.0,0.0,4979.0,210.0,12.0,4.0,2553.0,442.0,24.0,2.0,579.0,6413.0,2818.0,44.0,307.0,256.0,47.0,2.0,64.0,8.0,0.0,0.0,13.0,0.0,0.0,0.0,6.0,0.0,0.0,0.0,7.0,0.0,0.0,0.0,4.0,0.0,0.0,0.0,4.0
275.0,548.0,1730.0,53.0,2552.0,1504.0,107.0,136.0,2549.0,103.0,3.0,0.0,3914.0,1.0,0.0,0.0,2611.0,0.0,0.0,0.0,4777.0,5.0,0.0,0.0,24657.0,8.0,0.0,0.0,5612.0,31.0,2.0,0.0,6522.0,191.0,4.0,0.0,1124.0,2387.0,4976.0,104.0,158.0,64.0,5.0,0.0,11.0,1.0,0.0,0.0,1.0,0.0,0.0,0.0,1.0,0.0,0.0,0.0,4.0,0.0,0.0,0.0,1.0,0.0,0.0,0.0,4.0
4631.0,1313.0,655.0,120.0,5801.0,353.0,1.0,2.0,1152.0,46.0,1.0,2.0,291.0,6.0,1.0,2.0,162.0,0.0,0.0,0.0,65.0,0.0,0.0,0.0,317.0,6.0,0.0,0.0,2765.0,1441.0,22.0,0.0,22550.0,2813.0,69.0,12.0,9339.0,12587.0,5513.0,10.0,2164.0,259.0,8.0,4.0,1177.0,17.0,1.0,0.0,611.0,3.0,1.0,1.0,416.0,2.0,1.0,0.0,572.0,47.0,2.0,0.0,1506.0,408.0,379.0,53.0,4.0
2033.0,657.0,15.0,1.0,1513.0,609.0,3.0,1.0,483.0,24.0,0.0,1.0,338.0,7.0,1.0,0.0,290.0,5.0,0.0,0.0,258.0,6.0,0.0,0.0,776.0,35.0,3.0,0.0,1710.0,1103.0,1428.0,302.0,6322.0,5283.0,4314.0,11693.0,8546.0,573.0,426.0,2542.0,2905.0,19.0,7.0,5.0,498.0,9.0,1.0,0.0,95.0,5.0,0.0,0.0,37.0,5.0,0.0,0.0,180.0,7.0,0.0,0.0,163.0,51.0,2.0,0.0,4.0
8537.0,3503.0,658.0,1.0,1314.0,201.0,196.0,89.0,368.0,0.0,0.0,0.0,93.0,0.0,0.0,0.0,7.0,0.0,0.0,0.0,0.0,0.0,0.0,0.0,2.0,0.0,0.0,0.0,0.0,0.0,0.0,0.0,0.0,0.0,0.0,0.0,23.0,242.0,48.0,3.0,1241.0,5250.0,2112.0,0.0,7553.0,1422.0,65.0,0.0,3447.0,245.0,10.0,0.0,3631.0,633.0,21.0,0.0,5179.0,446.0,9.0,0.0,20478.0,2205.0,113.0,0.0,4.0
1624.0,532.0,431.0,1232.0,632.0,7.0,2.0,8.0,81.0,1.0,1.0,13.0,10.0,0.0,0.0,0.0,2.0,0.0,1.0,1.0,2.0,0.0,0.0,59.0,6.0,0.0,3.0,13.0,2.0,0.0,0.0,1.0,24.0,0.0,0.0,4.0,801.0,431.0,6492.0,2475.0,7898.0,818.0,1511.0,1063.0,3118.0,996.0,621.0,1051.0,3023.0,1079.0,597.0,694.0,1433.0,292.0,111.0,166.0,1863.0,395.0,162.0,214.0,3117.0,1893.0,219.0,823.0,4.0
4591.0,1725.0,906.0,2050.0,2672.0,27.0,0.0,30.0,1381.0,0.0,1.0,47.0,793.0,0.0,0.0,0.0,361.0,0.0,0.0,5.0,30.0,0.0,0.0,131.0,16.0,1.0,3.0,41.0,10.0,0.0,0.0,2.0,68.0,0.0,0.0,11.0,678.0,858.0,6564.0,4965.0,8373.0,1494.0,3162.0,930.0,6617.0,342.0,214.0,713.0,4408.0,631.0,330.0,518.0,2103.0,476.0,166.0,127.0,3931.0,597.0,271.0,300.0,5156.0,2965.0,364.0,1534.0,4.0
4665.0,2326.0,2667.0,2531.0,2764.0,40.0,6.0,43.0,1271.0,0.0,2.0,36.0,737.0,0.0,0.0,1.0,306.0,0.0,2.0,4.0,69.0,0.0,0.0,133.0,24.0,0.0,7.0,37.0,8.0,0.0,0.0,6.0,18.0,0.0,1.0,8.0,1109.0,984.0,6159.0,4354.0,9835.0,1370.0,3608.0,1005.0,8267.0,452.0,163.0,688.0,4350.0,600.0,311.0,587.0,2667.0,554.0,197.0,192.0,3758.0,647.0,290.0,356.0,5228.0,3030.0,381.0,1646.0,4.0
2365.0,1519.0,1853.0,550.0,1897.0,25.0,2.0,6.0,658.0,0.0,2.0,21.0,389.0,0.0,0.0,0.0,58.0,0.0,0.0,6.0,28.0,0.0,0.0,54.0,62.0,1.0,9.0,5.0,81.0,0.0,0.0,1.0,12.0,0.0,0.0,8.0,296.0,494.0,3678.0,1550.0,4410.0,1154.0,2912.0,548.0,3346.0,234.0,119.0,326.0,2054.0,283.0,147.0,334.0,1603.0,404.0,161.0,215.0,2796.0,398.0,158.0,266.0,2840.0,1902.0,153.0,265.0,4.0
5872.0,501.0,155.0,0.0,601.0,1.0,0.0,0.0,91.0,0.0,0.0,0.0,9.0,0.0,0.0,0.0,0.0,0.0,0.0,0.0,0.0,0.0,0.0,0.0,75.0,0.0,0.0,0.0,0.0,0.0,0.0,0.0,1.0,0.0,0.0,0.0,62.0,28.0,23.0,20.0,3074.0,3346.0,2574.0,107.0,4283.0,265.0,164.0,116.0,1941.0,1794.0,1311.0,1091.0,1335.0,628.0,201.0,169.0,1049.0,155.0,26.0,10.0,1720.0,86.0,2.0,4.0,4.0
8509.0,3895.0,909.0,18.0,1355.0,259.0,34.0,14.0,389.0,0.0,0.0,0.0,82.0,0.0,0.0,0.0,2.0,0.0,0.0,0.0,1.0,0.0,0.0,0.0,1.0,0.0,0.0,0.0,0.0,0.0,0.0,0.0,1.0,0.0,0.0,0.0,17.0,209.0,73.0,0.0,1240.0,5535.0,2094.0,5.0,7846.0,1398.0,78.0,0.0,3982.0,267.0,9.0,0.0,3823.0,657.0,11.0,0.0,5033.0,636.0,8.0,0.0,19282.0,2276.0,129.0,0.0,4.0
2160.0,250.0,156.0,2.0,827.0,1.0,0.0,0.0,22.0,0.0,0.0,0.0,14.0,0.0,0.0,0.0,0.0,0.0,0.0,0.0,0.0,0.0,0.0,0.0,0.0,0.0,0.0,0.0,0.0,0.0,0.0,0.0,0.0,0.0,0.0,0.0,69.0,47.0,135.0,26.0,1049.0,1989.0,4019.0,212.0,9118.0,473.0,65.0,34.0,5252.0,2975.0,676.0,94.0,3356.0,787.0,30.0,10.0,1607.0,115.0,0.0,0.0,1672.0,222.0,2.0,0.0,4.0
1977.0,694.0,15.0,2.0,1607.0,611.0,4.0,0.0,493.0,54.0,0.0,0.0,412.0,10.0,0.0,0.0,344.0,1.0,0.0,0.0,234.0,5.0,3.0,0.0,713.0,35.0,2.0,0.0,1677.0,1126.0,1441.0,248.0,7383.0,5379.0,4171.0,11698.0,9214.0,545.0,460.0,2653.0,2785.0,18.0,9.0,9.0,586.0,12.0,0.0,0.0,133.0,5.0,0.0,0.0,28.0,9.0,1.0,0.0,172.0,6.0,0.0,0.0,167.0,67.0,4.0,0.0,4.0
110.0,976.0,944.0,17.0,1250.0,1970.0,273.0,35.0,1519.0,609.0,31.0,5.0,1805.0,58.0,3.0,1.0,3484.0,39.0,0.0,1.0,7005.0,16.0,4.0,1.0,2915.0,245.0,79.0,0.0,4979.0,210.0,12.0,4.0,2553.0,442.0,24.0,2.0,579.0,6413.0,2818.0,44.0,307.0,256.0,47.0,2.0,64.0,8.0,0.0,0.0,13.0,0.0,0.0,0.0,6.0,0.0,0.0,0.0,7.0,0.0,0.0,0.0,4.0,0.0,0.0,0.0,4.0
275.0,548.0,1730.0,53.0,2552.0,1504.0,107.0,136.0,2549.0,103.0,3.0,0.0,3914.0,1.0,0.0,0.0,2611.0,0.0,0.0,0.0,4777.0,5.0,0.0,0.0,24657.0,8.0,0.0,0.0,5612.0,31.0,2.0,0.0,6522.0,191.0,4.0,0.0,1124.0,2387.0,4976.0,104.0,158.0,64.0,5.0,0.0,11.0,1.0,0.0,0.0,1.0,0.0,0.0,0.0,1.0,0.0,0.0,0.0,4.0,0.0,0.0,0.0,1.0,0.0,0.0,0.0,4.0
4631.0,1313.0,655.0,120.0,5801.0,353.0,1.0,2.0,1152.0,46.0,1.0,2.0,291.0,6.0,1.0,2.0,162.0,0.0,0.0,0.0,65.0,0.0,0.0,0.0,317.0,6.0,0.0,0.0,2765.0,1441.0,22.0,0.0,22550.0,2813.0,69.0,12.0,9339.0,12587.0,5513.0,10.0,2164.0,259.0,8.0,4.0,1177.0,17.0,1.0,0.0,611.0,3.0,1.0,1.0,416.0,2.0,1.0,0.0,572.0,47.0,2.0,0.0,1506.0,408.0,379.0,53.0,4.0
2033.0,657.0,15.0,1.0,1513.0,609.0,3.0,1.0,483.0,24.0,0.0,1.0,338.0,7.0,1.0,0.0,290.0,5.0,0.0,0.0,258.0,6.0,0.0,0.0,776.0,35.0,3.0,0.0,1710.0,1103.0,1428.0,302.0,6322.0,5283.0,4314.0,11693.0,8546.0,573.0,426.0,2542.0,2905.0,19.0,7.0,5.0,498.0,9.0,1.0,0.0,95.0,5.0,0.0,0.0,37.0,5.0,0.0,0.0,180.0,7.0,0.0,0.0,163.0,51.0,2.0,0.0,4.0
8537.0,3503.0,658.0,1.0,1314.0,201.0,196.0,89.0,368.0,0.0,0.0,0.0,93.0,0.0,0.0,0.0,7.0,0.0,0.0,0.0,0.0,0.0,0.0,0.0,2.0,0.0,0.0,0.0,0.0,0.0,0.0,0.0,0.0,0.0,0.0,0.0,23.0,242.0,48.0,3.0,1241.0,5250.0,2112.0,0.0,7553.0,1422.0,65.0,0.0,3447.0,245.0,10.0,0.0,3631.0,633.0,21.0,0.0,5179.0,446.0,9.0,0.0,20478.0,2205.0,113.0,0.0,4.0
